Start (s),End (s),Scientific name,Common name,Confidence,File
0,3.0,Marmota marmota,Alpine Marmot,0.1243,D:/ORCHAMP_SON_2022/recs\ASP5\File404.wav
3.0,6.0,Marmota marmota,Alpine Marmot,0.1194,D:/ORCHAMP_SON_2022/recs\ASP5\File404.wav
6.0,9.0,Marmota marmota,Alpine Marmot,0.2414,D:/ORCHAMP_SON_2022/recs\ASP5\File404.wav
9.0,12.0,Marmota marmota,Alpine Marmot,0.1311,D:/ORCHAMP_SON_2022/recs\ASP5\File404.wav
21.0,24.0,Marmota marmota,Alpine Marmot,0.3552,D:/ORCHAMP_SON_2022/recs\ASP5\File404.wav
27.0,30.0,Marmota marmota,Alpine Marmot,0.1438,D:/ORCHAMP_SON_2022/recs\ASP5\File404.wav
36.0,39.0,Marmota marmota,Alpine Marmot,0.1408,D:/ORCHAMP_SON_2022/recs\ASP5\File404.wav
39.0,42.0,Marmota marmota,Alpine Marmot,0.1919,D:/ORCHAMP_SON_2022/recs\ASP5\File404.wav
57.0,60.0,Marmota marmota,Alpine Marmot,0.2647,D:/ORCHAMP_SON_2022/recs\ASP5\File404.wav
